{"hotspots":{"hotspots":[{"position":{"x":8.057729,"y":-0.334369481,"z":5.91279936},"rotation":{"x":0,"y":0,"z":0,"w":1},"connectedPanoramaIndex":1},{"position":{"x":58.28406,"y":-1.30921364,"z":5.44612455},"rotation":{"x":0,"y":0,"z":0,"w":1},"connectedPanoramaIndex":2},{"position":{"x":100.533783,"y":-0.8072833,"z":-9.953058},"rotation":{"x":0,"y":0,"z":0,"w":1},"connectedPanoramaIndex":1},{"position":{"x":58.3104248,"y":-0.48675552,"z":-5.54075241},"rotation":{"x":0,"y":0,"z":0,"w":1},"connectedPanoramaIndex":0}],"dollHouse":{"position":{"x":-2184.253,"y":33.834713,"z":1103.21973},"rotation":{"x":0,"y":0.177701816,"z":0,"w":0.9840844}}}}