{"hotspots":{"hotspots":[{"position":{"x":8.538285,"y":-0.4389533,"z":5.18700361},"rotation":{"x":0,"y":0,"z":0,"w":1},"connectedPanoramaIndex":1},{"position":{"x":58.40968,"y":-0.8307891,"z":5.346691},"rotation":{"x":0,"y":0,"z":0,"w":1},"connectedPanoramaIndex":2},{"position":{"x":100.122551,"y":-0.217234582,"z":-9.996891},"rotation":{"x":0,"y":0,"z":0,"w":1},"connectedPanoramaIndex":1},{"position":{"x":58.40522,"y":-0.3495403,"z":-5.40648651},"rotation":{"x":0,"y":0,"z":0,"w":1},"connectedPanoramaIndex":0}],"dollHouse":{"position":{"x":-2183.40161,"y":34.0240364,"z":1102.5885},"rotation":{"x":0.0149850613,"y":0.248632208,"z":0.11014124,"w":0.962198734}}}}